Symbol,EndTotal,MA_Long,MA_Short,Total_Transactions
'AXISBANK', -6430, 27, 7, 131
'AXISBANK', 57334, 43, 7, 89
'AXISBANK', 60084, 44, 7, 89
'AXISBANK', 67584, 45, 7, 89
'AXISBANK', 68304, 48, 7, 87
'AXISBANK', -18870, 15, 7, 219
'AXISBANK', 9259, 31, 7, 119
'AXISBANK', 56909, 51, 7, 93
'AXISBANK', 59705, 52, 7, 91
'AXISBANK', 79729, 57, 7, 75
'AXISBANK', 72640, 58, 7, 73
'AXISBANK', 92974, 85, 7, 53
'AXISBANK', 83649, 99, 7, 51
'AXISBANK', -6430, 27, 7, 131
'AXISBANK', 71745, 43, 27, 73
'AXISBANK', 84369, 44, 27, 67
'AXISBANK', 79430, 45, 27, 69
'AXISBANK', 55190, 48, 27, 64
'AXISBANK', 35820, 27, 15, 113
'AXISBANK', 61015, 31, 27, 143
'AXISBANK', 32835, 51, 27, 54
'AXISBANK', 39415, 52, 27, 54
'AXISBANK', 29505, 57, 27, 54
'AXISBANK', 29930, 58, 27, 50
'AXISBANK', -14705, 85, 27, 38
'AXISBANK', 22235, 99, 27, 36
'AXISBANK', 57334, 43, 7, 89
'AXISBANK', 71745, 43, 27, 73
'AXISBANK', -11955, 44, 43, 224
'AXISBANK', -26365, 45, 43, 162
'AXISBANK', -56910, 48, 43, 110
'AXISBANK', 107164, 43, 15, 73
'AXISBANK', 222310, 43, 31, 81
'AXISBANK', -39284, 51, 43, 88
'AXISBANK', -46334, 52, 43, 80
'AXISBANK', -35254, 57, 43, 62
'AXISBANK', -37444, 58, 43, 62
'AXISBANK', -19190, 85, 43, 34
'AXISBANK', 54295, 99, 43, 28
'AXISBANK', 60084, 44, 7, 89
'AXISBANK', 84369, 44, 27, 67
'AXISBANK', -11955, 44, 43, 224
'AXISBANK', -20504, 45, 44, 226
'AXISBANK', -64260, 48, 44, 120
'AXISBANK', 111385, 44, 15, 73
'AXISBANK', 62315, 44, 31, 74
'AXISBANK', -51619, 51, 44, 92
'AXISBANK', -49739, 52, 44, 86
'AXISBANK', -49414, 57, 44, 64
'AXISBANK', -33025, 58, 44, 62
'AXISBANK', -18349, 85, 44, 34
'AXISBANK', 54530, 99, 44, 28
'AXISBANK', 67584, 45, 7, 89
'AXISBANK', 79430, 45, 27, 69
'AXISBANK', -26365, 45, 43, 162
'AXISBANK', -20504, 45, 44, 226
'AXISBANK', -38009, 48, 45, 132
'AXISBANK', 105224, 45, 15, 69
'AXISBANK', 62930, 45, 31, 74
'AXISBANK', -55489, 51, 45, 100
'AXISBANK', -42889, 52, 45, 84
'AXISBANK', -53874, 57, 45, 68
'AXISBANK', -28139, 58, 45, 62
'AXISBANK', -1034, 85, 45, 34
'AXISBANK', 49585, 99, 45, 30
'AXISBANK', 68304, 48, 7, 87
'AXISBANK', 55190, 48, 27, 64
'AXISBANK', -56910, 48, 43, 110
'AXISBANK', -64260, 48, 44, 120
'AXISBANK', -38009, 48, 45, 132
'AXISBANK', 84630, 48, 15, 71
'AXISBANK', 65310, 48, 31, 66
'AXISBANK', -10565, 51, 48, 131
'AXISBANK', -1430, 52, 48, 113
'AXISBANK', -5174, 57, 48, 71
'AXISBANK', -27099, 58, 48, 64
'AXISBANK', 23200, 85, 48, 36
'AXISBANK', 75860, 99, 48, 31
'AXISBANK', -18870, 15, 7, 219
'AXISBANK', 35820, 27, 15, 113
'AXISBANK', 107164, 43, 15, 73
'AXISBANK', 111385, 44, 15, 73
'AXISBANK', 105224, 45, 15, 69
'AXISBANK', 84630, 48, 15, 71
'AXISBANK', 76589, 31, 15, 97
'AXISBANK', 82374, 51, 15, 63
'AXISBANK', 92955, 52, 15, 61
'AXISBANK', 48335, 57, 15, 65
'AXISBANK', 59839, 58, 15, 61
'AXISBANK', 50520, 85, 15, 44
'AXISBANK', 54659, 99, 15, 43
'AXISBANK', 9259, 31, 7, 119
'AXISBANK', 61015, 31, 27, 143
'AXISBANK', 222310, 43, 31, 81
'AXISBANK', 62315, 44, 31, 74
'AXISBANK', 62930, 45, 31, 74
'AXISBANK', 65310, 48, 31, 66
'AXISBANK', 76589, 31, 15, 97
'AXISBANK', 71890, 51, 31, 56
'AXISBANK', 68130, 52, 31, 54
'AXISBANK', 68590, 57, 31, 48
'AXISBANK', 48814, 58, 31, 50
'AXISBANK', 7245, 85, 31, 34
'AXISBANK', 3745, 99, 31, 30
'AXISBANK', 56909, 51, 7, 93
'AXISBANK', 32835, 51, 27, 54
'AXISBANK', -39284, 51, 43, 88
'AXISBANK', -51619, 51, 44, 92
'AXISBANK', -55489, 51, 45, 100
'AXISBANK', -10565, 51, 48, 131
'AXISBANK', 82374, 51, 15, 63
'AXISBANK', 71890, 51, 31, 56
'AXISBANK', 4994, 52, 51, 209
'AXISBANK', -6024, 57, 51, 89
'AXISBANK', -16859, 58, 51, 82
'AXISBANK', 21180, 85, 51, 36
'AXISBANK', 77140, 99, 51, 31
'AXISBANK', 59705, 52, 7, 91
'AXISBANK', 39415, 52, 27, 54
'AXISBANK', -46334, 52, 43, 80
'AXISBANK', -49739, 52, 44, 86
'AXISBANK', -42889, 52, 45, 84
'AXISBANK', -1430, 52, 48, 113
'AXISBANK', 92955, 52, 15, 61
'AXISBANK', 68130, 52, 31, 54
'AXISBANK', 4994, 52, 51, 209
'AXISBANK', -12089, 57, 52, 97
'AXISBANK', -19309, 58, 52, 86
'AXISBANK', 28135, 85, 52, 34
'AXISBANK', 82820, 99, 52, 29
'AXISBANK', 79729, 57, 7, 75
'AXISBANK', 29505, 57, 27, 54
'AXISBANK', -35254, 57, 43, 62
'AXISBANK', -49414, 57, 44, 64
'AXISBANK', -53874, 57, 45, 68
'AXISBANK', -5174, 57, 48, 71
'AXISBANK', 48335, 57, 15, 65
'AXISBANK', 68590, 57, 31, 48
'AXISBANK', -6024, 57, 51, 89
'AXISBANK', -12089, 57, 52, 97
'AXISBANK', -15484, 58, 57, 208
'AXISBANK', 66310, 85, 57, 34
'AXISBANK', 71035, 99, 57, 33
'AXISBANK', 72640, 58, 7, 73
'AXISBANK', 29930, 58, 27, 50
'AXISBANK', -37444, 58, 43, 62
'AXISBANK', -33025, 58, 44, 62
'AXISBANK', -28139, 58, 45, 62
'AXISBANK', -27099, 58, 48, 64
'AXISBANK', 59839, 58, 15, 61
'AXISBANK', 48814, 58, 31, 50
'AXISBANK', -16859, 58, 51, 82
'AXISBANK', -19309, 58, 52, 86
'AXISBANK', -15484, 58, 57, 208
'AXISBANK', 76415, 85, 58, 34
'AXISBANK', 79905, 99, 58, 31
'AXISBANK', 92974, 85, 7, 53
'AXISBANK', -14705, 85, 27, 38
'AXISBANK', -19190, 85, 43, 34
'AXISBANK', -18349, 85, 44, 34
'AXISBANK', -1034, 85, 45, 34
'AXISBANK', 23200, 85, 48, 36
'AXISBANK', 50520, 85, 15, 44
'AXISBANK', 7245, 85, 31, 34
'AXISBANK', 21180, 85, 51, 36
'AXISBANK', 28135, 85, 52, 34
'AXISBANK', 66310, 85, 57, 34
'AXISBANK', 76415, 85, 58, 34
'AXISBANK', 78290, 99, 85, 41
'AXISBANK', 83649, 99, 7, 51
'AXISBANK', 22235, 99, 27, 36
'AXISBANK', 54295, 99, 43, 28
'AXISBANK', 54530, 99, 44, 28
'AXISBANK', 49585, 99, 45, 30
'AXISBANK', 75860, 99, 48, 31
'AXISBANK', 54659, 99, 15, 43
'AXISBANK', 3745, 99, 31, 30
'AXISBANK', 77140, 99, 51, 31
'AXISBANK', 82820, 99, 52, 29
'AXISBANK', 71035, 99, 57, 33
'AXISBANK', 79905, 99, 58, 31
'AXISBANK', 78290, 99, 85, 41
'TCS', -100614, 27, 7, 139
'TCS', -127125, 43, 7, 101
'TCS', -141905, 44, 7, 105
'TCS', -152154, 45, 7, 99
'TCS', -158270, 48, 7, 99
'TCS', -84685, 15, 7, 208
'TCS', -107834, 31, 7, 127
'TCS', -162880, 51, 7, 103
'TCS', -173840, 52, 7, 99
'TCS', -160084, 57, 7, 93
'TCS', -152949, 58, 7, 95
'TCS', -82174, 85, 7, 85
'TCS', -66710, 99, 7, 73
'TCS', -100614, 27, 7, 139
'TCS', -173454, 43, 27, 83
'TCS', -165904, 44, 27, 81
'TCS', -148710, 45, 27, 79
'TCS', -84380, 48, 27, 77
'TCS', -60949, 27, 15, 123
'TCS', -131010, 31, 27, 151
'TCS', -110825, 51, 27, 69
'TCS', -102390, 52, 27, 69
'TCS', -101865, 57, 27, 65
'TCS', -103829, 58, 27, 67
'TCS', 5714, 85, 27, 45
'TCS', -38900, 99, 27, 49
'TCS', -127125, 43, 7, 101
'TCS', -173454, 43, 27, 83
'TCS', 3249, 44, 43, 243
'TCS', -10984, 45, 43, 189
'TCS', -40770, 48, 43, 129
'TCS', -133565, 43, 15, 91
'TCS', -144285, 43, 31, 95
'TCS', -14589, 51, 43, 95
'TCS', 5405, 52, 43, 91
'TCS', -970, 57, 43, 75
'TCS', 1050, 58, 43, 71
'TCS', 117725, 85, 43, 35
'TCS', 77240, 99, 43, 35
'TCS', -141905, 44, 7, 105
'TCS', -165904, 44, 27, 81
'TCS', 3249, 44, 43, 243
'TCS', -55735, 45, 44, 235
'TCS', -8765, 48, 44, 139
'TCS', -165715, 44, 15, 89
'TCS', -127715, 44, 31, 85
'TCS', -13554, 51, 44, 103
'TCS', -9509, 52, 44, 97
'TCS', -2764, 57, 44, 75
'TCS', -12974, 58, 44, 75
'TCS', 124110, 85, 44, 39
'TCS', 82639, 99, 44, 35
'TCS', -152154, 45, 7, 99
'TCS', -148710, 45, 27, 79
'TCS', -10984, 45, 43, 189
'TCS', -55735, 45, 44, 235
'TCS', -41560, 48, 45, 153
'TCS', -144645, 45, 15, 85
'TCS', -115414, 45, 31, 85
'TCS', -659, 51, 45, 117
'TCS', -23610, 52, 45, 107
'TCS', 7740, 57, 45, 75
'TCS', -3084, 58, 45, 73
'TCS', 145245, 85, 45, 39
'TCS', 88409, 99, 45, 31
'TCS', -158270, 48, 7, 99
'TCS', -84380, 48, 27, 77
'TCS', -40770, 48, 43, 129
'TCS', -8765, 48, 44, 139
'TCS', -41560, 48, 45, 153
'TCS', -126940, 48, 15, 79
'TCS', -81055, 48, 31, 79
'TCS', -7235, 51, 48, 147
'TCS', -6014, 52, 48, 127
'TCS', 11205, 57, 48, 91
'TCS', 131950, 58, 48, 85
'TCS', 142665, 85, 48, 37
'TCS', 79514, 99, 48, 29
'TCS', -84685, 15, 7, 208
'TCS', -60949, 27, 15, 123
'TCS', -133565, 43, 15, 91
'TCS', -165715, 44, 15, 89
'TCS', -144645, 45, 15, 85
'TCS', -126940, 48, 15, 79
'TCS', -67795, 31, 15, 107
'TCS', -123534, 51, 15, 75
'TCS', -130430, 52, 15, 75
'TCS', -123365, 57, 15, 69
'TCS', -113145, 58, 15, 69
'TCS', -58470, 85, 15, 65
'TCS', -80915, 99, 15, 53
'TCS', -107834, 31, 7, 127
'TCS', -131010, 31, 27, 151
'TCS', -144285, 43, 31, 95
'TCS', -127715, 44, 31, 85
'TCS', -115414, 45, 31, 85
'TCS', -81055, 48, 31, 79
'TCS', -67795, 31, 15, 107
'TCS', -115705, 51, 31, 73
'TCS', -144175, 52, 31, 67
'TCS', -91169, 57, 31, 59
'TCS', -102125, 58, 31, 61
'TCS', 48334, 85, 31, 45
'TCS', -13040, 99, 31, 39
'TCS', -162880, 51, 7, 103
'TCS', -110825, 51, 27, 69
'TCS', -14589, 51, 43, 95
'TCS', -13554, 51, 44, 103
'TCS', -659, 51, 45, 117
'TCS', -7235, 51, 48, 147
'TCS', -123534, 51, 15, 75
'TCS', -115705, 51, 31, 73
'TCS', -33984, 52, 51, 213
'TCS', 118990, 57, 51, 105
'TCS', 95265, 58, 51, 99
'TCS', 170019, 85, 51, 35
'TCS', 102675, 99, 51, 31
'TCS', -173840, 52, 7, 99
'TCS', -102390, 52, 27, 69
'TCS', 5405, 52, 43, 91
'TCS', -9509, 52, 44, 97
'TCS', -23610, 52, 45, 107
'TCS', -6014, 52, 48, 127
'TCS', -130430, 52, 15, 75
'TCS', -144175, 52, 31, 67
'TCS', -33984, 52, 51, 213
'TCS', 92425, 57, 52, 107
'TCS', 94170, 58, 52, 103
'TCS', 177340, 85, 52, 35
'TCS', 89994, 99, 52, 29
'TCS', -160084, 57, 7, 93
'TCS', -101865, 57, 27, 65
'TCS', -970, 57, 43, 75
'TCS', -2764, 57, 44, 75
'TCS', 7740, 57, 45, 75
'TCS', 11205, 57, 48, 91
'TCS', -123365, 57, 15, 69
'TCS', -91169, 57, 31, 59
'TCS', 118990, 57, 51, 105
'TCS', 92425, 57, 52, 107
'TCS', 128469, 58, 57, 209
'TCS', 116425, 85, 57, 35
'TCS', 110564, 99, 57, 31
'TCS', -152949, 58, 7, 95
'TCS', -103829, 58, 27, 67
'TCS', 1050, 58, 43, 71
'TCS', -12974, 58, 44, 75
'TCS', -3084, 58, 45, 73
'TCS', 131950, 58, 48, 85
'TCS', -113145, 58, 15, 69
'TCS', -102125, 58, 31, 61
'TCS', 95265, 58, 51, 99
'TCS', 94170, 58, 52, 103
'TCS', 128469, 58, 57, 209
'TCS', 138740, 85, 58, 37
'TCS', 96604, 99, 58, 31
'TCS', -82174, 85, 7, 85
'TCS', 5714, 85, 27, 45
'TCS', 117725, 85, 43, 35
'TCS', 124110, 85, 44, 39
'TCS', 145245, 85, 45, 39
'TCS', 142665, 85, 48, 37
'TCS', -58470, 85, 15, 65
'TCS', 48334, 85, 31, 45
'TCS', 170019, 85, 51, 35
'TCS', 177340, 85, 52, 35
'TCS', 116425, 85, 57, 35
'TCS', 138740, 85, 58, 37
'TCS', 45380, 99, 85, 47
'TCS', -66710, 99, 7, 73
'TCS', -38900, 99, 27, 49
'TCS', 77240, 99, 43, 35
'TCS', 82639, 99, 44, 35
'TCS', 88409, 99, 45, 31
'TCS', 79514, 99, 48, 29
'TCS', -80915, 99, 15, 53
'TCS', -13040, 99, 31, 39
'TCS', 102675, 99, 51, 31
'TCS', 89994, 99, 52, 29
'TCS', 110564, 99, 57, 31
'TCS', 96604, 99, 58, 31
'TCS', 45380, 99, 85, 47
'SYNDIBANK_F1', 98250, 27, 7, 233
'SYNDIBANK_F1', 98095, 43, 7, 187
'SYNDIBANK_F1', 98155, 44, 7, 189
'SYNDIBANK_F1', 98115, 45, 7, 185
'SYNDIBANK_F1', 98185, 48, 7, 183
'SYNDIBANK_F1', 99075, 15, 7, 397
'SYNDIBANK_F1', 98225, 31, 7, 215
'SYNDIBANK_F1', 98155, 51, 7, 187
'SYNDIBANK_F1', 98310, 52, 7, 189
'SYNDIBANK_F1', 98365, 57, 7, 175
'SYNDIBANK_F1', 98400, 58, 7, 167
'SYNDIBANK_F1', 98795, 85, 7, 110
'SYNDIBANK_F1', 98850, 99, 7, 106
'SYNDIBANK_F1', 98250, 27, 7, 233
'SYNDIBANK_F1', 99510, 43, 27, 139
'SYNDIBANK_F1', 99565, 44, 27, 135
'SYNDIBANK_F1', 99315, 45, 27, 129
'SYNDIBANK_F1', 99255, 48, 27, 125
'SYNDIBANK_F1', 98424, 27, 15, 221
'SYNDIBANK_F1', 99435, 31, 27, 283
'SYNDIBANK_F1', 99319, 51, 27, 121
'SYNDIBANK_F1', 99350, 52, 27, 121
'SYNDIBANK_F1', 99374, 57, 27, 107
'SYNDIBANK_F1', 99325, 58, 27, 107
'SYNDIBANK_F1', 99310, 85, 27, 68
'SYNDIBANK_F1', 99180, 99, 27, 68
'SYNDIBANK_F1', 98095, 43, 7, 187
'SYNDIBANK_F1', 99510, 43, 27, 139
'SYNDIBANK_F1', 99385, 44, 43, 445
'SYNDIBANK_F1', 99555, 45, 43, 307
'SYNDIBANK_F1', 99230, 48, 43, 204
'SYNDIBANK_F1', 98845, 43, 15, 143
'SYNDIBANK_F1', 99420, 43, 31, 157
'SYNDIBANK_F1', 98714, 51, 43, 154
'SYNDIBANK_F1', 98985, 52, 43, 152
'SYNDIBANK_F1', 99245, 57, 43, 118
'SYNDIBANK_F1', 99130, 58, 43, 114
'SYNDIBANK_F1', 99360, 85, 43, 66
'SYNDIBANK_F1', 99650, 99, 43, 56
'SYNDIBANK_F1', 98155, 44, 7, 189
'SYNDIBANK_F1', 99565, 44, 27, 135
'SYNDIBANK_F1', 99385, 44, 43, 445
'SYNDIBANK_F1', 99480, 45, 44, 444
'SYNDIBANK_F1', 99250, 48, 44, 214
'SYNDIBANK_F1', 98685, 44, 15, 143
'SYNDIBANK_F1', 99545, 44, 31, 145
'SYNDIBANK_F1', 98965, 51, 44, 162
'SYNDIBANK_F1', 98905, 52, 44, 152
'SYNDIBANK_F1', 99055, 57, 44, 124
'SYNDIBANK_F1', 99330, 58, 44, 118
'SYNDIBANK_F1', 99340, 85, 44, 70
'SYNDIBANK_F1', 99600, 99, 44, 58
'SYNDIBANK_F1', 98115, 45, 7, 185
'SYNDIBANK_F1', 99315, 45, 27, 129
'SYNDIBANK_F1', 99555, 45, 43, 307
'SYNDIBANK_F1', 99480, 45, 44, 444
'SYNDIBANK_F1', 98520, 48, 45, 254
'SYNDIBANK_F1', 98660, 45, 15, 143
'SYNDIBANK_F1', 99525, 45, 31, 147
'SYNDIBANK_F1', 98970, 51, 45, 172
'SYNDIBANK_F1', 99065, 52, 45, 160
'SYNDIBANK_F1', 99405, 57, 45, 122
'SYNDIBANK_F1', 99430, 58, 45, 126
'SYNDIBANK_F1', 99190, 85, 45, 64
'SYNDIBANK_F1', 99670, 99, 45, 52
'SYNDIBANK_F1', 98185, 48, 7, 183
'SYNDIBANK_F1', 99255, 48, 27, 125
'SYNDIBANK_F1', 99230, 48, 43, 204
'SYNDIBANK_F1', 99250, 48, 44, 214
'SYNDIBANK_F1', 98520, 48, 45, 254
'SYNDIBANK_F1', 98440, 48, 15, 141
'SYNDIBANK_F1', 99160, 48, 31, 123
'SYNDIBANK_F1', 99225, 51, 48, 252
'SYNDIBANK_F1', 99280, 52, 48, 218
'SYNDIBANK_F1', 99515, 57, 48, 134
'SYNDIBANK_F1', 99460, 58, 48, 122
'SYNDIBANK_F1', 99235, 85, 48, 70
'SYNDIBANK_F1', 99665, 99, 48, 54
'SYNDIBANK_F1', 99075, 15, 7, 397
'SYNDIBANK_F1', 98424, 27, 15, 221
'SYNDIBANK_F1', 98845, 43, 15, 143
'SYNDIBANK_F1', 98685, 44, 15, 143
'SYNDIBANK_F1', 98660, 45, 15, 143
'SYNDIBANK_F1', 98440, 48, 15, 141
'SYNDIBANK_F1', 98795, 31, 15, 195
'SYNDIBANK_F1', 98335, 51, 15, 141
'SYNDIBANK_F1', 98335, 52, 15, 139
'SYNDIBANK_F1', 99060, 57, 15, 129
'SYNDIBANK_F1', 99015, 58, 15, 127
'SYNDIBANK_F1', 99395, 85, 15, 78
'SYNDIBANK_F1', 99305, 99, 15, 72
'SYNDIBANK_F1', 98225, 31, 7, 215
'SYNDIBANK_F1', 99435, 31, 27, 283
'SYNDIBANK_F1', 99420, 43, 31, 157
'SYNDIBANK_F1', 99545, 44, 31, 145
'SYNDIBANK_F1', 99525, 45, 31, 147
'SYNDIBANK_F1', 99160, 48, 31, 123
'SYNDIBANK_F1', 98795, 31, 15, 195
'SYNDIBANK_F1', 99210, 51, 31, 123
'SYNDIBANK_F1', 98990, 52, 31, 121
'SYNDIBANK_F1', 98960, 57, 31, 117
'SYNDIBANK_F1', 98900, 58, 31, 113
'SYNDIBANK_F1', 99395, 85, 31, 62
'SYNDIBANK_F1', 99330, 99, 31, 56
'SYNDIBANK_F1', 98155, 51, 7, 187
'SYNDIBANK_F1', 99319, 51, 27, 121
'SYNDIBANK_F1', 98714, 51, 43, 154
'SYNDIBANK_F1', 98965, 51, 44, 162
'SYNDIBANK_F1', 98970, 51, 45, 172
'SYNDIBANK_F1', 99225, 51, 48, 252
'SYNDIBANK_F1', 98335, 51, 15, 141
'SYNDIBANK_F1', 99210, 51, 31, 123
'SYNDIBANK_F1', 99345, 52, 51, 416
'SYNDIBANK_F1', 99450, 57, 51, 158
'SYNDIBANK_F1', 99410, 58, 51, 144
'SYNDIBANK_F1', 99155, 85, 51, 70
'SYNDIBANK_F1', 99605, 99, 51, 56
'SYNDIBANK_F1', 98310, 52, 7, 189
'SYNDIBANK_F1', 99350, 52, 27, 121
'SYNDIBANK_F1', 98985, 52, 43, 152
'SYNDIBANK_F1', 98905, 52, 44, 152
'SYNDIBANK_F1', 99065, 52, 45, 160
'SYNDIBANK_F1', 99280, 52, 48, 218
'SYNDIBANK_F1', 98335, 52, 15, 139
'SYNDIBANK_F1', 98990, 52, 31, 121
'SYNDIBANK_F1', 99345, 52, 51, 416
'SYNDIBANK_F1', 99489, 57, 52, 170
'SYNDIBANK_F1', 99400, 58, 52, 152
'SYNDIBANK_F1', 98925, 85, 52, 74
'SYNDIBANK_F1', 99530, 99, 52, 58
'SYNDIBANK_F1', 98365, 57, 7, 175
'SYNDIBANK_F1', 99374, 57, 27, 107
'SYNDIBANK_F1', 99245, 57, 43, 118
'SYNDIBANK_F1', 99055, 57, 44, 124
'SYNDIBANK_F1', 99405, 57, 45, 122
'SYNDIBANK_F1', 99515, 57, 48, 134
'SYNDIBANK_F1', 99060, 57, 15, 129
'SYNDIBANK_F1', 98960, 57, 31, 117
'SYNDIBANK_F1', 99450, 57, 51, 158
'SYNDIBANK_F1', 99489, 57, 52, 170
'SYNDIBANK_F1', 99110, 58, 57, 386
'SYNDIBANK_F1', 98960, 85, 57, 74
'SYNDIBANK_F1', 99530, 99, 57, 54
'SYNDIBANK_F1', 98400, 58, 7, 167
'SYNDIBANK_F1', 99325, 58, 27, 107
'SYNDIBANK_F1', 99130, 58, 43, 114
'SYNDIBANK_F1', 99330, 58, 44, 118
'SYNDIBANK_F1', 99430, 58, 45, 126
'SYNDIBANK_F1', 99460, 58, 48, 122
'SYNDIBANK_F1', 99015, 58, 15, 127
'SYNDIBANK_F1', 98900, 58, 31, 113
'SYNDIBANK_F1', 99410, 58, 51, 144
'SYNDIBANK_F1', 99400, 58, 52, 152
'SYNDIBANK_F1', 99110, 58, 57, 386
'SYNDIBANK_F1', 98835, 85, 58, 74
'SYNDIBANK_F1', 99560, 99, 58, 54
'SYNDIBANK_F1', 98795, 85, 7, 110
'SYNDIBANK_F1', 99310, 85, 27, 68
'SYNDIBANK_F1', 99360, 85, 43, 66
'SYNDIBANK_F1', 99340, 85, 44, 70
'SYNDIBANK_F1', 99190, 85, 45, 64
'SYNDIBANK_F1', 99235, 85, 48, 70
'SYNDIBANK_F1', 99395, 85, 15, 78
'SYNDIBANK_F1', 99395, 85, 31, 62
'SYNDIBANK_F1', 99155, 85, 51, 70
'SYNDIBANK_F1', 98925, 85, 52, 74
'SYNDIBANK_F1', 98960, 85, 57, 74
'SYNDIBANK_F1', 98835, 85, 58, 74
'SYNDIBANK_F1', 99429, 99, 85, 78
'SYNDIBANK_F1', 98850, 99, 7, 106
'SYNDIBANK_F1', 99180, 99, 27, 68
'SYNDIBANK_F1', 99650, 99, 43, 56
'SYNDIBANK_F1', 99600, 99, 44, 58
'SYNDIBANK_F1', 99670, 99, 45, 52
'SYNDIBANK_F1', 99665, 99, 48, 54
'SYNDIBANK_F1', 99305, 99, 15, 72
'SYNDIBANK_F1', 99330, 99, 31, 56
'SYNDIBANK_F1', 99605, 99, 51, 56
'SYNDIBANK_F1', 99530, 99, 52, 58
'SYNDIBANK_F1', 99530, 99, 57, 54
'SYNDIBANK_F1', 99560, 99, 58, 54
'SYNDIBANK_F1', 99429, 99, 85, 78
'NIFTY', 440545, 27, 7, 124
'NIFTY', 630830, 43, 7, 76
'NIFTY', 595590, 44, 7, 76
'NIFTY', 592390, 45, 7, 78
'NIFTY', 530845, 48, 7, 74
'NIFTY', 202424, 15, 7, 197
'NIFTY', 445240, 31, 7, 118
'NIFTY', 495905, 51, 7, 70
'NIFTY', 537490, 52, 7, 68
'NIFTY', 534185, 57, 7, 70
'NIFTY', 573540, 58, 7, 68
'NIFTY', 658239, 85, 7, 50
'NIFTY', 605744, 99, 7, 46
'NIFTY', 440545, 27, 7, 124
'NIFTY', 243605, 43, 27, 65
'NIFTY', 286995, 44, 27, 63
'NIFTY', 298190, 45, 27, 64
'NIFTY', 267179, 48, 27, 62
'NIFTY', 360110, 27, 15, 104
'NIFTY', 176850, 31, 27, 151
'NIFTY', 339145, 51, 27, 54
'NIFTY', 368164, 52, 27, 54
'NIFTY', 474695, 57, 27, 50
'NIFTY', 467785, 58, 27, 48
'NIFTY', 654254, 85, 27, 40
'NIFTY', 555235, 99, 27, 34
'NIFTY', 630830, 43, 7, 76
'NIFTY', 243605, 43, 27, 65
'NIFTY', 346230, 44, 43, 204
'NIFTY', 387285, 45, 43, 132
'NIFTY', 245245, 48, 43, 98
'NIFTY', 254580, 43, 15, 68
'NIFTY', 360895, 43, 31, 71
'NIFTY', 165535, 51, 43, 80
'NIFTY', 165344, 52, 43, 76
'NIFTY', 301825, 57, 43, 58
'NIFTY', 256630, 58, 43, 56
'NIFTY', 462260, 85, 43, 38
'NIFTY', 592840, 99, 43, 28
'NIFTY', 595590, 44, 7, 76
'NIFTY', 286995, 44, 27, 63
'NIFTY', 346230, 44, 43, 204
'NIFTY', 329609, 45, 44, 190
'NIFTY', 149054, 48, 44, 110
'NIFTY', 251820, 44, 15, 66
'NIFTY', 359134, 44, 31, 71
'NIFTY', 153795, 51, 44, 84
'NIFTY', 121154, 52, 44, 80
'NIFTY', 284699, 57, 44, 58
'NIFTY', 233955, 58, 44, 58
'NIFTY', 453599, 85, 44, 36
'NIFTY', 591994, 99, 44, 28
'NIFTY', 592390, 45, 7, 78
'NIFTY', 298190, 45, 27, 64
'NIFTY', 387285, 45, 43, 132
'NIFTY', 329609, 45, 44, 190
'NIFTY', 169229, 48, 45, 122
'NIFTY', 205100, 45, 15, 64
'NIFTY', 345640, 45, 31, 68
'NIFTY', 148339, 51, 45, 86
'NIFTY', 166579, 52, 45, 80
'NIFTY', 200574, 57, 45, 62
'NIFTY', 158809, 58, 45, 58
'NIFTY', 453980, 85, 45, 34
'NIFTY', 585654, 99, 45, 28
'NIFTY', 530845, 48, 7, 74
'NIFTY', 267179, 48, 27, 62
'NIFTY', 245245, 48, 43, 98
'NIFTY', 149054, 48, 44, 110
'NIFTY', 169229, 48, 45, 122
'NIFTY', 263695, 48, 15, 62
'NIFTY', 294255, 48, 31, 64
'NIFTY', 263134, 51, 48, 120
'NIFTY', 238184, 52, 48, 102
'NIFTY', 210879, 57, 48, 68
'NIFTY', 151630, 58, 48, 66
'NIFTY', 561160, 85, 48, 32
'NIFTY', 689930, 99, 48, 26
'NIFTY', 202424, 15, 7, 197
'NIFTY', 360110, 27, 15, 104
'NIFTY', 254580, 43, 15, 68
'NIFTY', 251820, 44, 15, 66
'NIFTY', 205100, 45, 15, 64
'NIFTY', 263695, 48, 15, 62
'NIFTY', 292974, 31, 15, 98
'NIFTY', 357860, 51, 15, 60
'NIFTY', 377209, 52, 15, 60
'NIFTY', 325260, 57, 15, 54
'NIFTY', 338550, 58, 15, 54
'NIFTY', 588239, 85, 15, 42
'NIFTY', 604090, 99, 15, 34
'NIFTY', 445240, 31, 7, 118
'NIFTY', 176850, 31, 27, 151
'NIFTY', 360895, 43, 31, 71
'NIFTY', 359134, 44, 31, 71
'NIFTY', 345640, 45, 31, 68
'NIFTY', 294255, 48, 31, 64
'NIFTY', 292974, 31, 15, 98
'NIFTY', 401074, 51, 31, 62
'NIFTY', 433589, 52, 31, 60
'NIFTY', 491364, 57, 31, 50
'NIFTY', 483950, 58, 31, 48
'NIFTY', 603335, 85, 31, 32
'NIFTY', 516555, 99, 31, 30
'NIFTY', 495905, 51, 7, 70
'NIFTY', 339145, 51, 27, 54
'NIFTY', 165535, 51, 43, 80
'NIFTY', 153795, 51, 44, 84
'NIFTY', 148339, 51, 45, 86
'NIFTY', 263134, 51, 48, 120
'NIFTY', 357860, 51, 15, 60
'NIFTY', 401074, 51, 31, 62
'NIFTY', 248710, 52, 51, 176
'NIFTY', 316780, 57, 51, 84
'NIFTY', 297024, 58, 51, 74
'NIFTY', 601429, 85, 51, 36
'NIFTY', 650600, 99, 51, 26
'NIFTY', 537490, 52, 7, 68
'NIFTY', 368164, 52, 27, 54
'NIFTY', 165344, 52, 43, 76
'NIFTY', 121154, 52, 44, 80
'NIFTY', 166579, 52, 45, 80
'NIFTY', 238184, 52, 48, 102
'NIFTY', 377209, 52, 15, 60
'NIFTY', 433589, 52, 31, 60
'NIFTY', 248710, 52, 51, 176
'NIFTY', 332155, 57, 52, 88
'NIFTY', 377774, 58, 52, 84
'NIFTY', 605105, 85, 52, 36
'NIFTY', 652875, 99, 52, 26
'NIFTY', 534185, 57, 7, 70
'NIFTY', 474695, 57, 27, 50
'NIFTY', 301825, 57, 43, 58
'NIFTY', 284699, 57, 44, 58
'NIFTY', 200574, 57, 45, 62
'NIFTY', 210879, 57, 48, 68
'NIFTY', 325260, 57, 15, 54
'NIFTY', 491364, 57, 31, 50
'NIFTY', 316780, 57, 51, 84
'NIFTY', 332155, 57, 52, 88
'NIFTY', 457839, 58, 57, 160
'NIFTY', 631004, 85, 57, 32
'NIFTY', 796519, 99, 57, 26
'NIFTY', 573540, 58, 7, 68
'NIFTY', 467785, 58, 27, 48
'NIFTY', 256630, 58, 43, 56
'NIFTY', 233955, 58, 44, 58
'NIFTY', 158809, 58, 45, 58
'NIFTY', 151630, 58, 48, 66
'NIFTY', 338550, 58, 15, 54
'NIFTY', 483950, 58, 31, 48
'NIFTY', 297024, 58, 51, 74
'NIFTY', 377774, 58, 52, 84
'NIFTY', 457839, 58, 57, 160
'NIFTY', 667440, 85, 58, 32
'NIFTY', 804684, 99, 58, 26
'NIFTY', 658239, 85, 7, 50
'NIFTY', 654254, 85, 27, 40
'NIFTY', 462260, 85, 43, 38
'NIFTY', 453599, 85, 44, 36
'NIFTY', 453980, 85, 45, 34
'NIFTY', 561160, 85, 48, 32
'NIFTY', 588239, 85, 15, 42
'NIFTY', 603335, 85, 31, 32
'NIFTY', 601429, 85, 51, 36
'NIFTY', 605105, 85, 52, 36
'NIFTY', 631004, 85, 57, 32
'NIFTY', 667440, 85, 58, 32
'NIFTY', 553094, 99, 85, 37
'NIFTY', 605744, 99, 7, 46
'NIFTY', 555235, 99, 27, 34
'NIFTY', 592840, 99, 43, 28
'NIFTY', 591994, 99, 44, 28
'NIFTY', 585654, 99, 45, 28
'NIFTY', 689930, 99, 48, 26
'NIFTY', 604090, 99, 15, 34
'NIFTY', 516555, 99, 31, 30
'NIFTY', 650600, 99, 51, 26
'NIFTY', 652875, 99, 52, 26
'NIFTY', 796519, 99, 57, 26
'NIFTY', 804684, 99, 58, 26
'NIFTY', 553094, 99, 85, 37
'BANKNIFTY', 1384490, 27, 7, 124
'BANKNIFTY', 2082049, 43, 7, 82
'BANKNIFTY', 2144150, 44, 7, 80
'BANKNIFTY', 2158880, 45, 7, 78
'BANKNIFTY', 2104130, 48, 7, 78
'BANKNIFTY', 851734, 15, 7, 198
'BANKNIFTY', 1645305, 31, 7, 114
'BANKNIFTY', 2121325, 51, 7, 70
'BANKNIFTY', 1939344, 52, 7, 70
'BANKNIFTY', 1690389, 57, 7, 78
'BANKNIFTY', 1674710, 58, 7, 80
'BANKNIFTY', 1950430, 85, 7, 46
'BANKNIFTY', 1834514, 99, 7, 44
'BANKNIFTY', 1384490, 27, 7, 124
'BANKNIFTY', 1523760, 43, 27, 66
'BANKNIFTY', 1518285, 44, 27, 68
'BANKNIFTY', 1566380, 45, 27, 68
'BANKNIFTY', 1507630, 48, 27, 56
'BANKNIFTY', 2067875, 27, 15, 100
'BANKNIFTY', 1287115, 31, 27, 142
'BANKNIFTY', 1295500, 51, 27, 58
'BANKNIFTY', 1286670, 52, 27, 60
'BANKNIFTY', 1387289, 57, 27, 54
'BANKNIFTY', 1387364, 58, 27, 54
'BANKNIFTY', 1636150, 85, 27, 34
'BANKNIFTY', 1337699, 99, 27, 32
'BANKNIFTY', 2082049, 43, 7, 82
'BANKNIFTY', 1523760, 43, 27, 66
'BANKNIFTY', 782945, 44, 43, 178
'BANKNIFTY', 646865, 45, 43, 124
'BANKNIFTY', 701700, 48, 43, 86
'BANKNIFTY', 1495699, 43, 15, 72
'BANKNIFTY', 1720719, 43, 31, 74
'BANKNIFTY', 836150, 51, 43, 72
'BANKNIFTY', 822650, 52, 43, 66
'BANKNIFTY', 556265, 57, 43, 58
'BANKNIFTY', 411875, 58, 43, 56
'BANKNIFTY', 846190, 85, 43, 32
'BANKNIFTY', 733640, 99, 43, 28
'BANKNIFTY', 2144150, 44, 7, 80
'BANKNIFTY', 1518285, 44, 27, 68
'BANKNIFTY', 782945, 44, 43, 178
'BANKNIFTY', 550314, 45, 44, 170
'BANKNIFTY', 862320, 48, 44, 92
'BANKNIFTY', 1528820, 44, 15, 70
'BANKNIFTY', 1593209, 44, 31, 66
'BANKNIFTY', 775465, 51, 44, 74
'BANKNIFTY', 840304, 52, 44, 72
'BANKNIFTY', 415395, 57, 44, 56
'BANKNIFTY', 483170, 58, 44, 56
'BANKNIFTY', 781235, 85, 44, 32
'BANKNIFTY', 704450, 99, 44, 28
'BANKNIFTY', 2158880, 45, 7, 78
'BANKNIFTY', 1566380, 45, 27, 68
'BANKNIFTY', 646865, 45, 43, 124
'BANKNIFTY', 550314, 45, 44, 170
'BANKNIFTY', 872270, 48, 45, 104
'BANKNIFTY', 1612960, 45, 15, 68
'BANKNIFTY', 1710679, 45, 31, 64
'BANKNIFTY', 898909, 51, 45, 76
'BANKNIFTY', 850770, 52, 45, 74
'BANKNIFTY', 484650, 57, 45, 58
'BANKNIFTY', 555505, 58, 45, 58
'BANKNIFTY', 855634, 85, 45, 32
'BANKNIFTY', 826485, 99, 45, 28
'BANKNIFTY', 2104130, 48, 7, 78
'BANKNIFTY', 1507630, 48, 27, 56
'BANKNIFTY', 701700, 48, 43, 86
'BANKNIFTY', 862320, 48, 44, 92
'BANKNIFTY', 872270, 48, 45, 104
'BANKNIFTY', 1654110, 48, 15, 62
'BANKNIFTY', 1682385, 48, 31, 58
'BANKNIFTY', 891674, 51, 48, 104
'BANKNIFTY', 620670, 52, 48, 94
'BANKNIFTY', 520885, 57, 48, 64
'BANKNIFTY', 538660, 58, 48, 62
'BANKNIFTY', 1018185, 85, 48, 32
'BANKNIFTY', 855145, 99, 48, 28
'BANKNIFTY', 851734, 15, 7, 198
'BANKNIFTY', 2067875, 27, 15, 100
'BANKNIFTY', 1495699, 43, 15, 72
'BANKNIFTY', 1528820, 44, 15, 70
'BANKNIFTY', 1612960, 45, 15, 68
'BANKNIFTY', 1654110, 48, 15, 62
'BANKNIFTY', 2015270, 31, 15, 92
'BANKNIFTY', 1780424, 51, 15, 64
'BANKNIFTY', 1741004, 52, 15, 64
'BANKNIFTY', 1657804, 57, 15, 58
'BANKNIFTY', 1737584, 58, 15, 58
'BANKNIFTY', 1500310, 85, 15, 38
'BANKNIFTY', 1988290, 99, 15, 36
'BANKNIFTY', 1645305, 31, 7, 114
'BANKNIFTY', 1287115, 31, 27, 142
'BANKNIFTY', 1720719, 43, 31, 74
'BANKNIFTY', 1593209, 44, 31, 66
'BANKNIFTY', 1710679, 45, 31, 64
'BANKNIFTY', 1682385, 48, 31, 58
'BANKNIFTY', 2015270, 31, 15, 92
'BANKNIFTY', 1581019, 51, 31, 56
'BANKNIFTY', 1434574, 52, 31, 54
'BANKNIFTY', 1330310, 57, 31, 52
'BANKNIFTY', 1424889, 58, 31, 50
'BANKNIFTY', 1332734, 85, 31, 34
'BANKNIFTY', 1297974, 99, 31, 32
'BANKNIFTY', 2121325, 51, 7, 70
'BANKNIFTY', 1295500, 51, 27, 58
'BANKNIFTY', 836150, 51, 43, 72
'BANKNIFTY', 775465, 51, 44, 74
'BANKNIFTY', 898909, 51, 45, 76
'BANKNIFTY', 891674, 51, 48, 104
'BANKNIFTY', 1780424, 51, 15, 64
'BANKNIFTY', 1581019, 51, 31, 56
'BANKNIFTY', 524945, 52, 51, 172
'BANKNIFTY', 651929, 57, 51, 74
'BANKNIFTY', 684449, 58, 51, 70
'BANKNIFTY', 920210, 85, 51, 36
'BANKNIFTY', 892205, 99, 51, 28
'BANKNIFTY', 1939344, 52, 7, 70
'BANKNIFTY', 1286670, 52, 27, 60
'BANKNIFTY', 822650, 52, 43, 66
'BANKNIFTY', 840304, 52, 44, 72
'BANKNIFTY', 850770, 52, 45, 74
'BANKNIFTY', 620670, 52, 48, 94
'BANKNIFTY', 1741004, 52, 15, 64
'BANKNIFTY', 1434574, 52, 31, 54
'BANKNIFTY', 524945, 52, 51, 172
'BANKNIFTY', 663785, 57, 52, 82
'BANKNIFTY', 773645, 58, 52, 72
'BANKNIFTY', 896625, 85, 52, 34
'BANKNIFTY', 921175, 99, 52, 28
'BANKNIFTY', 1690389, 57, 7, 78
'BANKNIFTY', 1387289, 57, 27, 54
'BANKNIFTY', 556265, 57, 43, 58
'BANKNIFTY', 415395, 57, 44, 56
'BANKNIFTY', 484650, 57, 45, 58
'BANKNIFTY', 520885, 57, 48, 64
'BANKNIFTY', 1657804, 57, 15, 58
'BANKNIFTY', 1330310, 57, 31, 52
'BANKNIFTY', 651929, 57, 51, 74
'BANKNIFTY', 663785, 57, 52, 82
'BANKNIFTY', 841145, 58, 57, 176
'BANKNIFTY', 922640, 85, 57, 34
'BANKNIFTY', 1139665, 99, 57, 28
'BANKNIFTY', 1674710, 58, 7, 80
'BANKNIFTY', 1387364, 58, 27, 54
'BANKNIFTY', 411875, 58, 43, 56
'BANKNIFTY', 483170, 58, 44, 56
'BANKNIFTY', 555505, 58, 45, 58
'BANKNIFTY', 538660, 58, 48, 62
'BANKNIFTY', 1737584, 58, 15, 58
'BANKNIFTY', 1424889, 58, 31, 50
'BANKNIFTY', 684449, 58, 51, 70
'BANKNIFTY', 773645, 58, 52, 72
'BANKNIFTY', 841145, 58, 57, 176
'BANKNIFTY', 843769, 85, 58, 34
'BANKNIFTY', 1147684, 99, 58, 28
'BANKNIFTY', 1950430, 85, 7, 46
'BANKNIFTY', 1636150, 85, 27, 34
'BANKNIFTY', 846190, 85, 43, 32
'BANKNIFTY', 781235, 85, 44, 32
'BANKNIFTY', 855634, 85, 45, 32
'BANKNIFTY', 1018185, 85, 48, 32
'BANKNIFTY', 1500310, 85, 15, 38
'BANKNIFTY', 1332734, 85, 31, 34
'BANKNIFTY', 920210, 85, 51, 36
'BANKNIFTY', 896625, 85, 52, 34
'BANKNIFTY', 922640, 85, 57, 34
'BANKNIFTY', 843769, 85, 58, 34
'BANKNIFTY', 1008545, 99, 85, 39
'BANKNIFTY', 1834514, 99, 7, 44
'BANKNIFTY', 1337699, 99, 27, 32
'BANKNIFTY', 733640, 99, 43, 28
'BANKNIFTY', 704450, 99, 44, 28
'BANKNIFTY', 826485, 99, 45, 28
'BANKNIFTY', 855145, 99, 48, 28
'BANKNIFTY', 1988290, 99, 15, 36
'BANKNIFTY', 1297974, 99, 31, 32
'BANKNIFTY', 892205, 99, 51, 28
'BANKNIFTY', 921175, 99, 52, 28
'BANKNIFTY', 1139665, 99, 57, 28
'BANKNIFTY', 1147684, 99, 58, 28
'BANKNIFTY', 1008545, 99, 85, 39
'NIFTYIT', 632360, 27, 7, 120
'NIFTYIT', 653660, 43, 7, 92
'NIFTYIT', 748325, 44, 7, 90
'NIFTYIT', 728110, 45, 7, 88
'NIFTYIT', 621405, 48, 7, 82
'NIFTYIT', 440910, 15, 7, 192
'NIFTYIT', 613124, 31, 7, 112
'NIFTYIT', 649370, 51, 7, 76
'NIFTYIT', 639715, 52, 7, 80
'NIFTYIT', 576730, 57, 7, 76
'NIFTYIT', 576705, 58, 7, 76
'NIFTYIT', 794035, 85, 7, 58
'NIFTYIT', 841080, 99, 7, 46
'NIFTYIT', 632360, 27, 7, 120
'NIFTYIT', 720399, 43, 27, 76
'NIFTYIT', 753249, 44, 27, 66
'NIFTYIT', 790434, 45, 27, 64
'NIFTYIT', 605415, 48, 27, 60
'NIFTYIT', 544870, 27, 15, 112
'NIFTYIT', 330284, 31, 27, 148
'NIFTYIT', 634944, 51, 27, 58
'NIFTYIT', 585799, 52, 27, 56
'NIFTYIT', 756994, 57, 27, 52
'NIFTYIT', 728834, 58, 27, 50
'NIFTYIT', 652310, 85, 27, 30
'NIFTYIT', 622415, 99, 27, 30
'NIFTYIT', 653660, 43, 7, 92
'NIFTYIT', 720399, 43, 27, 76
'NIFTYIT', 534734, 44, 43, 183
'NIFTYIT', 507040, 45, 43, 141
'NIFTYIT', 639385, 48, 43, 99
'NIFTYIT', 476640, 43, 15, 78
'NIFTYIT', 636969, 43, 31, 76
'NIFTYIT', 761950, 51, 43, 78
'NIFTYIT', 835755, 52, 43, 76
'NIFTYIT', 645814, 57, 43, 62
'NIFTYIT', 641534, 58, 43, 64
'NIFTYIT', 874444, 85, 43, 26
'NIFTYIT', 829854, 99, 43, 26
'NIFTYIT', 748325, 44, 7, 90
'NIFTYIT', 753249, 44, 27, 66
'NIFTYIT', 534734, 44, 43, 183
'NIFTYIT', 387145, 45, 44, 181
'NIFTYIT', 699975, 48, 44, 103
'NIFTYIT', 538780, 44, 15, 74
'NIFTYIT', 576369, 44, 31, 70
'NIFTYIT', 871795, 51, 44, 82
'NIFTYIT', 843120, 52, 44, 78
'NIFTYIT', 601375, 57, 44, 64
'NIFTYIT', 611820, 58, 44, 66
'NIFTYIT', 842185, 85, 44, 26
'NIFTYIT', 844489, 99, 44, 26
'NIFTYIT', 728110, 45, 7, 88
'NIFTYIT', 790434, 45, 27, 64
'NIFTYIT', 507040, 45, 43, 141
'NIFTYIT', 387145, 45, 44, 181
'NIFTYIT', 818460, 48, 45, 109
'NIFTYIT', 491990, 45, 15, 72
'NIFTYIT', 600004, 45, 31, 70
'NIFTYIT', 915940, 51, 45, 82
'NIFTYIT', 805004, 52, 45, 80
'NIFTYIT', 668305, 57, 45, 68
'NIFTYIT', 676099, 58, 45, 68
'NIFTYIT', 847324, 85, 45, 26
'NIFTYIT', 849909, 99, 45, 26
'NIFTYIT', 621405, 48, 7, 82
'NIFTYIT', 605415, 48, 27, 60
'NIFTYIT', 639385, 48, 43, 99
'NIFTYIT', 699975, 48, 44, 103
'NIFTYIT', 818460, 48, 45, 109
'NIFTYIT', 576300, 48, 15, 64
'NIFTYIT', 625444, 48, 31, 58
'NIFTYIT', 738599, 51, 48, 100
'NIFTYIT', 747220, 52, 48, 96
'NIFTYIT', 682855, 57, 48, 72
'NIFTYIT', 859300, 58, 48, 70
'NIFTYIT', 816425, 85, 48, 24
'NIFTYIT', 945520, 99, 48, 24
'NIFTYIT', 440910, 15, 7, 192
'NIFTYIT', 544870, 27, 15, 112
'NIFTYIT', 476640, 43, 15, 78
'NIFTYIT', 538780, 44, 15, 74
'NIFTYIT', 491990, 45, 15, 72
'NIFTYIT', 576300, 48, 15, 64
'NIFTYIT', 560170, 31, 15, 94
'NIFTYIT', 483349, 51, 15, 60
'NIFTYIT', 441004, 52, 15, 62
'NIFTYIT', 531784, 57, 15, 58
'NIFTYIT', 509794, 58, 15, 62
'NIFTYIT', 785980, 85, 15, 40
'NIFTYIT', 711919, 99, 15, 36
'NIFTYIT', 613124, 31, 7, 112
'NIFTYIT', 330284, 31, 27, 148
'NIFTYIT', 636969, 43, 31, 76
'NIFTYIT', 576369, 44, 31, 70
'NIFTYIT', 600004, 45, 31, 70
'NIFTYIT', 625444, 48, 31, 58
'NIFTYIT', 560170, 31, 15, 94
'NIFTYIT', 437235, 51, 31, 56
'NIFTYIT', 466550, 52, 31, 58
'NIFTYIT', 586440, 57, 31, 52
'NIFTYIT', 452550, 58, 31, 54
'NIFTYIT', 759889, 85, 31, 28
'NIFTYIT', 676324, 99, 31, 30
'NIFTYIT', 649370, 51, 7, 76
'NIFTYIT', 634944, 51, 27, 58
'NIFTYIT', 761950, 51, 43, 78
'NIFTYIT', 871795, 51, 44, 82
'NIFTYIT', 915940, 51, 45, 82
'NIFTYIT', 738599, 51, 48, 100
'NIFTYIT', 483349, 51, 15, 60
'NIFTYIT', 437235, 51, 31, 56
'NIFTYIT', 707044, 52, 51, 196
'NIFTYIT', 915810, 57, 51, 80
'NIFTYIT', 784175, 58, 51, 76
'NIFTYIT', 910485, 85, 51, 24
'NIFTYIT', 989079, 99, 51, 24
'NIFTYIT', 639715, 52, 7, 80
'NIFTYIT', 585799, 52, 27, 56
'NIFTYIT', 835755, 52, 43, 76
'NIFTYIT', 843120, 52, 44, 78
'NIFTYIT', 805004, 52, 45, 80
'NIFTYIT', 747220, 52, 48, 96
'NIFTYIT', 441004, 52, 15, 62
'NIFTYIT', 466550, 52, 31, 58
'NIFTYIT', 707044, 52, 51, 196
'NIFTYIT', 810800, 57, 52, 84
'NIFTYIT', 740455, 58, 52, 80
'NIFTYIT', 947925, 85, 52, 24
'NIFTYIT', 961740, 99, 52, 24
'NIFTYIT', 576730, 57, 7, 76
'NIFTYIT', 756994, 57, 27, 52
'NIFTYIT', 645814, 57, 43, 62
'NIFTYIT', 601375, 57, 44, 64
'NIFTYIT', 668305, 57, 45, 68
'NIFTYIT', 682855, 57, 48, 72
'NIFTYIT', 531784, 57, 15, 58
'NIFTYIT', 586440, 57, 31, 52
'NIFTYIT', 915810, 57, 51, 80
'NIFTYIT', 810800, 57, 52, 84
'NIFTYIT', 1035965, 58, 57, 168
'NIFTYIT', 867905, 85, 57, 26
'NIFTYIT', 865544, 99, 57, 24
'NIFTYIT', 576705, 58, 7, 76
'NIFTYIT', 728834, 58, 27, 50
'NIFTYIT', 641534, 58, 43, 64
'NIFTYIT', 611820, 58, 44, 66
'NIFTYIT', 676099, 58, 45, 68
'NIFTYIT', 859300, 58, 48, 70
'NIFTYIT', 509794, 58, 15, 62
'NIFTYIT', 452550, 58, 31, 54
'NIFTYIT', 784175, 58, 51, 76
'NIFTYIT', 740455, 58, 52, 80
'NIFTYIT', 1035965, 58, 57, 168
'NIFTYIT', 873835, 85, 58, 28
'NIFTYIT', 868514, 99, 58, 26
'NIFTYIT', 794035, 85, 7, 58
'NIFTYIT', 652310, 85, 27, 30
'NIFTYIT', 874444, 85, 43, 26
'NIFTYIT', 842185, 85, 44, 26
'NIFTYIT', 847324, 85, 45, 26
'NIFTYIT', 816425, 85, 48, 24
'NIFTYIT', 785980, 85, 15, 40
'NIFTYIT', 759889, 85, 31, 28
'NIFTYIT', 910485, 85, 51, 24
'NIFTYIT', 947925, 85, 52, 24
'NIFTYIT', 867905, 85, 57, 26
'NIFTYIT', 873835, 85, 58, 28
'NIFTYIT', 839630, 99, 85, 36
'NIFTYIT', 841080, 99, 7, 46
'NIFTYIT', 622415, 99, 27, 30
'NIFTYIT', 829854, 99, 43, 26
'NIFTYIT', 844489, 99, 44, 26
'NIFTYIT', 849909, 99, 45, 26
'NIFTYIT', 945520, 99, 48, 24
'NIFTYIT', 711919, 99, 15, 36
'NIFTYIT', 676324, 99, 31, 30
'NIFTYIT', 989079, 99, 51, 24
'NIFTYIT', 961740, 99, 52, 24
'NIFTYIT', 865544, 99, 57, 24
'NIFTYIT', 868514, 99, 58, 26
'NIFTYIT', 839630, 99, 85, 36
'NIFTYMID50', 524266, 27, 7, 101
'NIFTYMID50', 334404, 43, 7, 81
'NIFTYMID50', 332987, 44, 7, 81
'NIFTYMID50', 323107, 45, 7, 81
'NIFTYMID50', 338343, 48, 7, 77
'NIFTYMID50', 481910, 15, 7, 191
'NIFTYMID50', 432717, 31, 7, 99
'NIFTYMID50', 321933, 51, 7, 79
'NIFTYMID50', 309820, 52, 7, 79
'NIFTYMID50', 256076, 57, 7, 75
'NIFTYMID50', 258546, 58, 7, 77
'NIFTYMID50', 352532, 85, 7, 61
'NIFTYMID50', 396933, 99, 7, 49
'NIFTYMID50', 524266, 27, 7, 101
'NIFTYMID50', 204505, 43, 27, 65
'NIFTYMID50', 211180, 44, 27, 65
'NIFTYMID50', 174415, 45, 27, 65
'NIFTYMID50', 112683, 48, 27, 65
'NIFTYMID50', 319652, 27, 15, 96
'NIFTYMID50', 259826, 31, 27, 123
'NIFTYMID50', 160459, 51, 27, 63
'NIFTYMID50', 168174, 52, 27, 61
'NIFTYMID50', 215128, 57, 27, 53
'NIFTYMID50', 218323, 58, 27, 51
'NIFTYMID50', 264106, 85, 27, 43
'NIFTYMID50', 306977, 99, 27, 31
'NIFTYMID50', 334404, 43, 7, 81
'NIFTYMID50', 204505, 43, 27, 65
'NIFTYMID50', 212684, 44, 43, 177
'NIFTYMID50', 170528, 45, 43, 135
'NIFTYMID50', 82142, 48, 43, 95
'NIFTYMID50', 221263, 43, 15, 69
'NIFTYMID50', 175892, 43, 31, 71
'NIFTYMID50', 99679, 51, 43, 77
'NIFTYMID50', 83663, 52, 43, 73
'NIFTYMID50', 98151, 57, 43, 65
'NIFTYMID50', 85326, 58, 43, 65
'NIFTYMID50', 327975, 85, 43, 37
'NIFTYMID50', 352679, 99, 43, 33
'NIFTYMID50', 332987, 44, 7, 81
'NIFTYMID50', 211180, 44, 27, 65
'NIFTYMID50', 212684, 44, 43, 177
'NIFTYMID50', 161268, 45, 44, 173
'NIFTYMID50', 56276, 48, 44, 105
'NIFTYMID50', 217948, 44, 15, 69
'NIFTYMID50', 196331, 44, 31, 67
'NIFTYMID50', 51079, 51, 44, 79
'NIFTYMID50', 52843, 52, 44, 81
'NIFTYMID50', 95947, 57, 44, 67
'NIFTYMID50', 84805, 58, 44, 65
'NIFTYMID50', 294850, 85, 44, 37
'NIFTYMID50', 344955, 99, 44, 33
'NIFTYMID50', 323107, 45, 7, 81
'NIFTYMID50', 174415, 45, 27, 65
'NIFTYMID50', 170528, 45, 43, 135
'NIFTYMID50', 161268, 45, 44, 173
'NIFTYMID50', 75460, 48, 45, 113
'NIFTYMID50', 197633, 45, 15, 69
'NIFTYMID50', 183216, 45, 31, 65
'NIFTYMID50', 53274, 51, 45, 85
'NIFTYMID50', 77450, 52, 45, 81
'NIFTYMID50', 99246, 57, 45, 67
'NIFTYMID50', 104841, 58, 45, 67
'NIFTYMID50', 326206, 85, 45, 37
'NIFTYMID50', 352946, 99, 45, 31
'NIFTYMID50', 338343, 48, 7, 77
'NIFTYMID50', 112683, 48, 27, 65
'NIFTYMID50', 82142, 48, 43, 95
'NIFTYMID50', 56276, 48, 44, 105
'NIFTYMID50', 75460, 48, 45, 113
'NIFTYMID50', 200874, 48, 15, 65
'NIFTYMID50', 194685, 48, 31, 65
'NIFTYMID50', 33053, 51, 48, 115
'NIFTYMID50', 61750, 52, 48, 109
'NIFTYMID50', 147832, 57, 48, 67
'NIFTYMID50', 139897, 58, 48, 65
'NIFTYMID50', 330588, 85, 48, 37
'NIFTYMID50', 384189, 99, 48, 31
'NIFTYMID50', 481910, 15, 7, 191
'NIFTYMID50', 319652, 27, 15, 96
'NIFTYMID50', 221263, 43, 15, 69
'NIFTYMID50', 217948, 44, 15, 69
'NIFTYMID50', 197633, 45, 15, 69
'NIFTYMID50', 200874, 48, 15, 65
'NIFTYMID50', 267577, 31, 15, 85
'NIFTYMID50', 150735, 51, 15, 65
'NIFTYMID50', 146001, 52, 15, 67
'NIFTYMID50', 199076, 57, 15, 59
'NIFTYMID50', 217482, 58, 15, 59
'NIFTYMID50', 303105, 85, 15, 49
'NIFTYMID50', 329191, 99, 15, 37
'NIFTYMID50', 432717, 31, 7, 99
'NIFTYMID50', 259826, 31, 27, 123
'NIFTYMID50', 175892, 43, 31, 71
'NIFTYMID50', 196331, 44, 31, 67
'NIFTYMID50', 183216, 45, 31, 65
'NIFTYMID50', 194685, 48, 31, 65
'NIFTYMID50', 267577, 31, 15, 85
'NIFTYMID50', 212240, 51, 31, 61
'NIFTYMID50', 177241, 52, 31, 63
'NIFTYMID50', 168298, 57, 31, 55
'NIFTYMID50', 155924, 58, 31, 53
'NIFTYMID50', 286858, 85, 31, 45
'NIFTYMID50', 333644, 99, 31, 31
'NIFTYMID50', 321933, 51, 7, 79
'NIFTYMID50', 160459, 51, 27, 63
'NIFTYMID50', 99679, 51, 43, 77
'NIFTYMID50', 51079, 51, 44, 79
'NIFTYMID50', 53274, 51, 45, 85
'NIFTYMID50', 33053, 51, 48, 115
'NIFTYMID50', 150735, 51, 15, 65
'NIFTYMID50', 212240, 51, 31, 61
'NIFTYMID50', 148740, 52, 51, 173
'NIFTYMID50', 238110, 57, 51, 89
'NIFTYMID50', 227782, 58, 51, 79
'NIFTYMID50', 321013, 85, 51, 34
'NIFTYMID50', 393823, 99, 51, 28
'NIFTYMID50', 309820, 52, 7, 79
'NIFTYMID50', 168174, 52, 27, 61
'NIFTYMID50', 83663, 52, 43, 73
'NIFTYMID50', 52843, 52, 44, 81
'NIFTYMID50', 77450, 52, 45, 81
'NIFTYMID50', 61750, 52, 48, 109
'NIFTYMID50', 146001, 52, 15, 67
'NIFTYMID50', 177241, 52, 31, 63
'NIFTYMID50', 148740, 52, 51, 173
'NIFTYMID50', 228771, 57, 52, 91
'NIFTYMID50', 243553, 58, 52, 85
'NIFTYMID50', 342699, 85, 52, 36
'NIFTYMID50', 392043, 99, 52, 28
'NIFTYMID50', 256076, 57, 7, 75
'NIFTYMID50', 215128, 57, 27, 53
'NIFTYMID50', 98151, 57, 43, 65
'NIFTYMID50', 95947, 57, 44, 67
'NIFTYMID50', 99246, 57, 45, 67
'NIFTYMID50', 147832, 57, 48, 67
'NIFTYMID50', 199076, 57, 15, 59
'NIFTYMID50', 168298, 57, 31, 55
'NIFTYMID50', 238110, 57, 51, 89
'NIFTYMID50', 228771, 57, 52, 91
'NIFTYMID50', 258931, 58, 57, 147
'NIFTYMID50', 433254, 85, 57, 36
'NIFTYMID50', 397878, 99, 57, 28
'NIFTYMID50', 258546, 58, 7, 77
'NIFTYMID50', 218323, 58, 27, 51
'NIFTYMID50', 85326, 58, 43, 65
'NIFTYMID50', 84805, 58, 44, 65
'NIFTYMID50', 104841, 58, 45, 67
'NIFTYMID50', 139897, 58, 48, 65
'NIFTYMID50', 217482, 58, 15, 59
'NIFTYMID50', 155924, 58, 31, 53
'NIFTYMID50', 227782, 58, 51, 79
'NIFTYMID50', 243553, 58, 52, 85
'NIFTYMID50', 258931, 58, 57, 147
'NIFTYMID50', 457518, 85, 58, 36
'NIFTYMID50', 401378, 99, 58, 28
'NIFTYMID50', 352532, 85, 7, 61
'NIFTYMID50', 264106, 85, 27, 43
'NIFTYMID50', 327975, 85, 43, 37
'NIFTYMID50', 294850, 85, 44, 37
'NIFTYMID50', 326206, 85, 45, 37
'NIFTYMID50', 330588, 85, 48, 37
'NIFTYMID50', 303105, 85, 15, 49
'NIFTYMID50', 286858, 85, 31, 45
'NIFTYMID50', 321013, 85, 51, 34
'NIFTYMID50', 342699, 85, 52, 36
'NIFTYMID50', 433254, 85, 57, 36
'NIFTYMID50', 457518, 85, 58, 36
'NIFTYMID50', 215155, 99, 85, 43
'NIFTYMID50', 396933, 99, 7, 49
'NIFTYMID50', 306977, 99, 27, 31
'NIFTYMID50', 352679, 99, 43, 33
'NIFTYMID50', 344955, 99, 44, 33
'NIFTYMID50', 352946, 99, 45, 31
'NIFTYMID50', 384189, 99, 48, 31
'NIFTYMID50', 329191, 99, 15, 37
'NIFTYMID50', 333644, 99, 31, 31
'NIFTYMID50', 393823, 99, 51, 28
'NIFTYMID50', 392043, 99, 52, 28
'NIFTYMID50', 397878, 99, 57, 28
'NIFTYMID50', 401378, 99, 58, 28
'NIFTYMID50', 215155, 99, 85, 43
'NIFTYPSE', 366075, 27, 7, 113
'NIFTYPSE', 294899, 43, 7, 91
'NIFTYPSE', 296205, 44, 7, 83
'NIFTYPSE', 292955, 45, 7, 79
'NIFTYPSE', 255824, 48, 7, 81
'NIFTYPSE', 331512, 15, 7, 179
'NIFTYPSE', 358865, 31, 7, 99
'NIFTYPSE', 207366, 51, 7, 83
'NIFTYPSE', 212838, 52, 7, 83
'NIFTYPSE', 255362, 57, 7, 79
'NIFTYPSE', 259127, 58, 7, 77
'NIFTYPSE', 315367, 85, 7, 55
'NIFTYPSE', 224015, 99, 7, 55
'NIFTYPSE', 366075, 27, 7, 113
'NIFTYPSE', 274464, 43, 27, 73
'NIFTYPSE', 252432, 44, 27, 69
'NIFTYPSE', 259897, 45, 27, 67
'NIFTYPSE', 265587, 48, 27, 63
'NIFTYPSE', 305337, 27, 15, 107
'NIFTYPSE', 181955, 31, 27, 139
'NIFTYPSE', 241586, 51, 27, 57
'NIFTYPSE', 259045, 52, 27, 55
'NIFTYPSE', 269486, 57, 27, 53
'NIFTYPSE', 256380, 58, 27, 53
'NIFTYPSE', 322449, 85, 27, 33
'NIFTYPSE', 264627, 99, 27, 33
'NIFTYPSE', 294899, 43, 7, 91
'NIFTYPSE', 274464, 43, 27, 73
'NIFTYPSE', 220986, 44, 43, 211
'NIFTYPSE', 232552, 45, 43, 153
'NIFTYPSE', 165522, 48, 43, 111
'NIFTYPSE', 119411, 43, 15, 69
'NIFTYPSE', 228976, 43, 31, 73
'NIFTYPSE', 105160, 51, 43, 77
'NIFTYPSE', 138729, 52, 43, 69
'NIFTYPSE', 197063, 57, 43, 55
'NIFTYPSE', 208270, 58, 43, 55
'NIFTYPSE', 220461, 85, 43, 33
'NIFTYPSE', 212698, 99, 43, 29
'NIFTYPSE', 296205, 44, 7, 83
'NIFTYPSE', 252432, 44, 27, 69
'NIFTYPSE', 220986, 44, 43, 211
'NIFTYPSE', 242544, 45, 44, 207
'NIFTYPSE', 83071, 48, 44, 121
'NIFTYPSE', 117520, 44, 15, 69
'NIFTYPSE', 250011, 44, 31, 71
'NIFTYPSE', 95230, 51, 44, 81
'NIFTYPSE', 131828, 52, 44, 77
'NIFTYPSE', 179491, 57, 44, 55
'NIFTYPSE', 181948, 58, 44, 55
'NIFTYPSE', 210164, 85, 44, 33
'NIFTYPSE', 219984, 99, 44, 29
'NIFTYPSE', 292955, 45, 7, 79
'NIFTYPSE', 259897, 45, 27, 67
'NIFTYPSE', 232552, 45, 43, 153
'NIFTYPSE', 242544, 45, 44, 207
'NIFTYPSE', 59473, 48, 45, 127
'NIFTYPSE', 99289, 45, 15, 69
'NIFTYPSE', 267938, 45, 31, 69
'NIFTYPSE', 156884, 51, 45, 95
'NIFTYPSE', 189331, 52, 45, 85
'NIFTYPSE', 146137, 57, 45, 57
'NIFTYPSE', 180051, 58, 45, 57
'NIFTYPSE', 233415, 85, 45, 33
'NIFTYPSE', 213950, 99, 45, 29
'NIFTYPSE', 255824, 48, 7, 81
'NIFTYPSE', 265587, 48, 27, 63
'NIFTYPSE', 165522, 48, 43, 111
'NIFTYPSE', 83071, 48, 44, 121
'NIFTYPSE', 59473, 48, 45, 127
'NIFTYPSE', 179210, 48, 15, 65
'NIFTYPSE', 246507, 48, 31, 61
'NIFTYPSE', 156054, 51, 48, 119
'NIFTYPSE', 176981, 52, 48, 107
'NIFTYPSE', 178869, 57, 48, 65
'NIFTYPSE', 188829, 58, 48, 61
'NIFTYPSE', 229074, 85, 48, 35
'NIFTYPSE', 242262, 99, 48, 29
'NIFTYPSE', 331512, 15, 7, 179
'NIFTYPSE', 305337, 27, 15, 107
'NIFTYPSE', 119411, 43, 15, 69
'NIFTYPSE', 117520, 44, 15, 69
'NIFTYPSE', 99289, 45, 15, 69
'NIFTYPSE', 179210, 48, 15, 65
'NIFTYPSE', 210970, 31, 15, 87
'NIFTYPSE', 197691, 51, 15, 65
'NIFTYPSE', 216234, 52, 15, 65
'NIFTYPSE', 226859, 57, 15, 57
'NIFTYPSE', 219076, 58, 15, 57
'NIFTYPSE', 286546, 85, 15, 43
'NIFTYPSE', 287465, 99, 15, 37
'NIFTYPSE', 358865, 31, 7, 99
'NIFTYPSE', 181955, 31, 27, 139
'NIFTYPSE', 228976, 43, 31, 73
'NIFTYPSE', 250011, 44, 31, 71
'NIFTYPSE', 267938, 45, 31, 69
'NIFTYPSE', 246507, 48, 31, 61
'NIFTYPSE', 210970, 31, 15, 87
'NIFTYPSE', 258985, 51, 31, 57
'NIFTYPSE', 274763, 52, 31, 57
'NIFTYPSE', 269807, 57, 31, 51
'NIFTYPSE', 252009, 58, 31, 53
'NIFTYPSE', 266332, 85, 31, 33
'NIFTYPSE', 213336, 99, 31, 31
'NIFTYPSE', 207366, 51, 7, 83
'NIFTYPSE', 241586, 51, 27, 57
'NIFTYPSE', 105160, 51, 43, 77
'NIFTYPSE', 95230, 51, 44, 81
'NIFTYPSE', 156884, 51, 45, 95
'NIFTYPSE', 156054, 51, 48, 119
'NIFTYPSE', 197691, 51, 15, 65
'NIFTYPSE', 258985, 51, 31, 57
'NIFTYPSE', 190147, 52, 51, 167
'NIFTYPSE', 245086, 57, 51, 87
'NIFTYPSE', 268702, 58, 51, 79
'NIFTYPSE', 201491, 85, 51, 35
'NIFTYPSE', 240404, 99, 51, 33
'NIFTYPSE', 212838, 52, 7, 83
'NIFTYPSE', 259045, 52, 27, 55
'NIFTYPSE', 138729, 52, 43, 69
'NIFTYPSE', 131828, 52, 44, 77
'NIFTYPSE', 189331, 52, 45, 85
'NIFTYPSE', 176981, 52, 48, 107
'NIFTYPSE', 216234, 52, 15, 65
'NIFTYPSE', 274763, 52, 31, 57
'NIFTYPSE', 190147, 52, 51, 167
'NIFTYPSE', 250937, 57, 52, 95
'NIFTYPSE', 272290, 58, 52, 87
'NIFTYPSE', 235585, 85, 52, 39
'NIFTYPSE', 224947, 99, 52, 29
'NIFTYPSE', 255362, 57, 7, 79
'NIFTYPSE', 269486, 57, 27, 53
'NIFTYPSE', 197063, 57, 43, 55
'NIFTYPSE', 179491, 57, 44, 55
'NIFTYPSE', 146137, 57, 45, 57
'NIFTYPSE', 178869, 57, 48, 65
'NIFTYPSE', 226859, 57, 15, 57
'NIFTYPSE', 269807, 57, 31, 51
'NIFTYPSE', 245086, 57, 51, 87
'NIFTYPSE', 250937, 57, 52, 95
'NIFTYPSE', 337765, 58, 57, 159
'NIFTYPSE', 272729, 85, 57, 43
'NIFTYPSE', 246074, 99, 57, 35
'NIFTYPSE', 259127, 58, 7, 77
'NIFTYPSE', 256380, 58, 27, 53
'NIFTYPSE', 208270, 58, 43, 55
'NIFTYPSE', 181948, 58, 44, 55
'NIFTYPSE', 180051, 58, 45, 57
'NIFTYPSE', 188829, 58, 48, 61
'NIFTYPSE', 219076, 58, 15, 57
'NIFTYPSE', 252009, 58, 31, 53
'NIFTYPSE', 268702, 58, 51, 79
'NIFTYPSE', 272290, 58, 52, 87
'NIFTYPSE', 337765, 58, 57, 159
'NIFTYPSE', 286257, 85, 58, 41
'NIFTYPSE', 266262, 99, 58, 37
'NIFTYPSE', 315367, 85, 7, 55
'NIFTYPSE', 322449, 85, 27, 33
'NIFTYPSE', 220461, 85, 43, 33
'NIFTYPSE', 210164, 85, 44, 33
'NIFTYPSE', 233415, 85, 45, 33
'NIFTYPSE', 229074, 85, 48, 35
'NIFTYPSE', 286546, 85, 15, 43
'NIFTYPSE', 266332, 85, 31, 33
'NIFTYPSE', 201491, 85, 51, 35
'NIFTYPSE', 235585, 85, 52, 39
'NIFTYPSE', 272729, 85, 57, 43
'NIFTYPSE', 286257, 85, 58, 41
'NIFTYPSE', 322664, 99, 85, 47
'NIFTYPSE', 224015, 99, 7, 55
'NIFTYPSE', 264627, 99, 27, 33
'NIFTYPSE', 212698, 99, 43, 29
'NIFTYPSE', 219984, 99, 44, 29
'NIFTYPSE', 213950, 99, 45, 29
'NIFTYPSE', 242262, 99, 48, 29
'NIFTYPSE', 287465, 99, 15, 37
'NIFTYPSE', 213336, 99, 31, 31
'NIFTYPSE', 240404, 99, 51, 33
'NIFTYPSE', 224947, 99, 52, 29
'NIFTYPSE', 246074, 99, 57, 35
'NIFTYPSE', 266262, 99, 58, 37
'NIFTYPSE', 322664, 99, 85, 47
'NIFTYINFRA', 348262, 27, 7, 117
'NIFTYINFRA', 114218, 43, 7, 99
'NIFTYINFRA', 163737, 44, 7, 95
'NIFTYINFRA', 162204, 45, 7, 95
'NIFTYINFRA', 156113, 48, 7, 91
'NIFTYINFRA', 121701, 15, 7, 191
'NIFTYINFRA', 266051, 31, 7, 105
'NIFTYINFRA', 160965, 51, 7, 85
'NIFTYINFRA', 158064, 52, 7, 77
'NIFTYINFRA', 96573, 57, 7, 73
'NIFTYINFRA', 96791, 58, 7, 73
'NIFTYINFRA', 269798, 85, 7, 53
'NIFTYINFRA', 255150, 99, 7, 49
'NIFTYINFRA', 348262, 27, 7, 117
'NIFTYINFRA', 13647, 43, 27, 71
'NIFTYINFRA', 27975, 44, 27, 67
'NIFTYINFRA', 21694, 45, 27, 67
'NIFTYINFRA', 49119, 48, 27, 61
'NIFTYINFRA', 204064, 27, 15, 109
'NIFTYINFRA', -32768, 31, 27, 135
'NIFTYINFRA', -33508, 51, 27, 59
'NIFTYINFRA', -14170, 52, 27, 55
'NIFTYINFRA', -40306, 57, 27, 53
'NIFTYINFRA', -53467, 58, 27, 53
'NIFTYINFRA', 129171, 85, 27, 37
'NIFTYINFRA', 177883, 99, 27, 35
'NIFTYINFRA', 114218, 43, 7, 99
'NIFTYINFRA', 13647, 43, 27, 71
'NIFTYINFRA', 71674, 44, 43, 201
'NIFTYINFRA', 29966, 45, 43, 139
'NIFTYINFRA', -20039, 48, 43, 93
'NIFTYINFRA', 118098, 43, 15, 75
'NIFTYINFRA', 17654, 43, 31, 69
'NIFTYINFRA', -112777, 51, 43, 77
'NIFTYINFRA', -106050, 52, 43, 75
'NIFTYINFRA', -147046, 57, 43, 57
'NIFTYINFRA', -88800, 58, 43, 55
'NIFTYINFRA', 105036, 85, 43, 43
'NIFTYINFRA', 196362, 99, 43, 31
'NIFTYINFRA', 163737, 44, 7, 95
'NIFTYINFRA', 27975, 44, 27, 67
'NIFTYINFRA', 71674, 44, 43, 201
'NIFTYINFRA', -40695, 45, 44, 199
'NIFTYINFRA', -97057, 48, 44, 103
'NIFTYINFRA', 79709, 44, 15, 75
'NIFTYINFRA', -37808, 44, 31, 67
'NIFTYINFRA', -142996, 51, 44, 77
'NIFTYINFRA', -120632, 52, 44, 77
'NIFTYINFRA', -183971, 57, 44, 59
'NIFTYINFRA', -144466, 58, 44, 57
'NIFTYINFRA', 87376, 85, 44, 41
'NIFTYINFRA', 191164, 99, 44, 31
'NIFTYINFRA', 162204, 45, 7, 95
'NIFTYINFRA', 21694, 45, 27, 67
'NIFTYINFRA', 29966, 45, 43, 139
'NIFTYINFRA', -40695, 45, 44, 199
'NIFTYINFRA', -90902, 48, 45, 113
'NIFTYINFRA', 69756, 45, 15, 73
'NIFTYINFRA', 11998, 45, 31, 67
'NIFTYINFRA', -117478, 51, 45, 91
'NIFTYINFRA', -142495, 52, 45, 79
'NIFTYINFRA', -144314, 57, 45, 65
'NIFTYINFRA', -114302, 58, 45, 57
'NIFTYINFRA', 130344, 85, 45, 41
'NIFTYINFRA', 230351, 99, 45, 31
'NIFTYINFRA', 156113, 48, 7, 91
'NIFTYINFRA', 49119, 48, 27, 61
'NIFTYINFRA', -20039, 48, 43, 93
'NIFTYINFRA', -97057, 48, 44, 103
'NIFTYINFRA', -90902, 48, 45, 113
'NIFTYINFRA', 28955, 48, 15, 73
'NIFTYINFRA', -40591, 48, 31, 61
'NIFTYINFRA', -56117, 51, 48, 109
'NIFTYINFRA', -43774, 52, 48, 95
'NIFTYINFRA', -86243, 57, 48, 69
'NIFTYINFRA', -49848, 58, 48, 65
'NIFTYINFRA', 180190, 85, 48, 43
'NIFTYINFRA', 189876, 99, 48, 31
'NIFTYINFRA', 121701, 15, 7, 191
'NIFTYINFRA', 204064, 27, 15, 109
'NIFTYINFRA', 118098, 43, 15, 75
'NIFTYINFRA', 79709, 44, 15, 75
'NIFTYINFRA', 69756, 45, 15, 73
'NIFTYINFRA', 28955, 48, 15, 73
'NIFTYINFRA', 149686, 31, 15, 95
'NIFTYINFRA', 23369, 51, 15, 65
'NIFTYINFRA', 43345, 52, 15, 67
'NIFTYINFRA', 122621, 57, 15, 57
'NIFTYINFRA', 124999, 58, 15, 57
'NIFTYINFRA', 179105, 85, 15, 39
'NIFTYINFRA', 149968, 99, 15, 41
'NIFTYINFRA', 266051, 31, 7, 105
'NIFTYINFRA', -32768, 31, 27, 135
'NIFTYINFRA', 17654, 43, 31, 69
'NIFTYINFRA', -37808, 44, 31, 67
'NIFTYINFRA', 11998, 45, 31, 67
'NIFTYINFRA', -40591, 48, 31, 61
'NIFTYINFRA', 149686, 31, 15, 95
'NIFTYINFRA', -48495, 51, 31, 61
'NIFTYINFRA', -56161, 52, 31, 57
'NIFTYINFRA', -33413, 57, 31, 57
'NIFTYINFRA', -3058, 58, 31, 53
'NIFTYINFRA', 149766, 85, 31, 37
'NIFTYINFRA', 171273, 99, 31, 31
'NIFTYINFRA', 160965, 51, 7, 85
'NIFTYINFRA', -33508, 51, 27, 59
'NIFTYINFRA', -112777, 51, 43, 77
'NIFTYINFRA', -142996, 51, 44, 77
'NIFTYINFRA', -117478, 51, 45, 91
'NIFTYINFRA', -56117, 51, 48, 109
'NIFTYINFRA', 23369, 51, 15, 65
'NIFTYINFRA', -48495, 51, 31, 61
'NIFTYINFRA', -152872, 52, 51, 177
'NIFTYINFRA', -59807, 57, 51, 83
'NIFTYINFRA', -12332, 58, 51, 77
'NIFTYINFRA', 189034, 85, 51, 43
'NIFTYINFRA', 156785, 99, 51, 31
'NIFTYINFRA', 158064, 52, 7, 77
'NIFTYINFRA', -14170, 52, 27, 55
'NIFTYINFRA', -106050, 52, 43, 75
'NIFTYINFRA', -120632, 52, 44, 77
'NIFTYINFRA', -142495, 52, 45, 79
'NIFTYINFRA', -43774, 52, 48, 95
'NIFTYINFRA', 43345, 52, 15, 67
'NIFTYINFRA', -56161, 52, 31, 57
'NIFTYINFRA', -152872, 52, 51, 177
'NIFTYINFRA', -43508, 57, 52, 85
'NIFTYINFRA', -57842, 58, 52, 83
'NIFTYINFRA', 226357, 85, 52, 43
'NIFTYINFRA', 187323, 99, 52, 31
'NIFTYINFRA', 96573, 57, 7, 73
'NIFTYINFRA', -40306, 57, 27, 53
'NIFTYINFRA', -147046, 57, 43, 57
'NIFTYINFRA', -183971, 57, 44, 59
'NIFTYINFRA', -144314, 57, 45, 65
'NIFTYINFRA', -86243, 57, 48, 69
'NIFTYINFRA', 122621, 57, 15, 57
'NIFTYINFRA', -33413, 57, 31, 57
'NIFTYINFRA', -59807, 57, 51, 83
'NIFTYINFRA', -43508, 57, 52, 85
'NIFTYINFRA', 171182, 58, 57, 161
'NIFTYINFRA', 216978, 85, 57, 45
'NIFTYINFRA', 237957, 99, 57, 35
'NIFTYINFRA', 96791, 58, 7, 73
'NIFTYINFRA', -53467, 58, 27, 53
'NIFTYINFRA', -88800, 58, 43, 55
'NIFTYINFRA', -144466, 58, 44, 57
'NIFTYINFRA', -114302, 58, 45, 57
'NIFTYINFRA', -49848, 58, 48, 65
'NIFTYINFRA', 124999, 58, 15, 57
'NIFTYINFRA', -3058, 58, 31, 53
'NIFTYINFRA', -12332, 58, 51, 77
'NIFTYINFRA', -57842, 58, 52, 83
'NIFTYINFRA', 171182, 58, 57, 161
'NIFTYINFRA', 222199, 85, 58, 45
'NIFTYINFRA', 242647, 99, 58, 33
'NIFTYINFRA', 269798, 85, 7, 53
'NIFTYINFRA', 129171, 85, 27, 37
'NIFTYINFRA', 105036, 85, 43, 43
'NIFTYINFRA', 87376, 85, 44, 41
'NIFTYINFRA', 130344, 85, 45, 41
'NIFTYINFRA', 180190, 85, 48, 43
'NIFTYINFRA', 179105, 85, 15, 39
'NIFTYINFRA', 149766, 85, 31, 37
'NIFTYINFRA', 189034, 85, 51, 43
'NIFTYINFRA', 226357, 85, 52, 43
'NIFTYINFRA', 216978, 85, 57, 45
'NIFTYINFRA', 222199, 85, 58, 45
'NIFTYINFRA', 137342, 99, 85, 59
'NIFTYINFRA', 255150, 99, 7, 49
'NIFTYINFRA', 177883, 99, 27, 35
'NIFTYINFRA', 196362, 99, 43, 31
'NIFTYINFRA', 191164, 99, 44, 31
'NIFTYINFRA', 230351, 99, 45, 31
'NIFTYINFRA', 189876, 99, 48, 31
'NIFTYINFRA', 149968, 99, 15, 41
'NIFTYINFRA', 171273, 99, 31, 31
'NIFTYINFRA', 156785, 99, 51, 31
'NIFTYINFRA', 187323, 99, 52, 31
'NIFTYINFRA', 237957, 99, 57, 35
'NIFTYINFRA', 242647, 99, 58, 33
'NIFTYINFRA', 137342, 99, 85, 59
